# HOW TO FILL THIS IN:,,,,,,,,
# - Replace the example rows below with your real participants,,,,,,,,
# - For movie names, use the titles below (or the short IDs — both work),,,,,,,
# - Each person needs exactly 8 movies,,,,,,,,
# - Delete all lines starting with # when done,,,,,,,,
#,,,,,,,,
# MOVIE IDs (you can use these short codes OR the full title):,,,,,,,,
#   mando        = Star Wars: The Mandalorian and Grogu        (May 22),,,,,,,,
#   back    = The Backrooms                               (May 29),,,,,,,,
#   motu         = Masters of the Universe                     (Jun 5),,,,,,,,
#   disc   = Disclosure Day                              (Jun 12),,,,,,,,
#   supergirl    = Supergirl: Woman of Tomorrow                (Jun 19),,,,,,,,
#   jackass      = Jackass (new installment)                   (Jun 26),,,,,,,,
#   minions      = Minions & Monsters                          (Jul 1),,,,,,,,
#   moana        = Moana (live-action)                         (Jul 10),,,,,,,,
#   odyssey      = The Odyssey                                 (Jul 17),,,,,,,,
#   spiderman    = Spider-Man: Brand New Day                   (Jul 31),,,,,,,,
#   toy5    = Toy Story 5                                 (Aug 7),,,,,,,,
#   endofstreet  = The End of the Street                       (Aug 14),,,,,,,,
#   coyote       = Coyote vs. ACME                             (Aug 21),,,,,,,,
#   insidious    = Insidious: Out of the Further               (Aug 28),,,,,,,,
participant_name,movie_1,movie_2,movie_3,movie_4,movie_5,movie_6,movie_7,movie_8
Abie ,mando,back,disc,minions,moana,odyssey,spiderman,toy5